condition,regime,n,base_rate,pr_auc,pr_auc_lift,roc_auc
both,ALL,567814,0.15868048339773236,0.7142418766982216,4.501132473285802,0.8974419706948454
both,A_cold_start,144491,0.18044030424040253,0.47832129847293764,2.6508561958289825,0.7747438584135076
both,B_prev_success,356433,0.04970920200991491,0.22391209420664698,4.504439523329823,0.8025350920196009
both,C_prev_failure,66890,0.6923456420989684,0.8982436046959743,1.297391866254534,0.8004811992717965
both_obs,ALL,567814,0.15868048339773236,0.7118410908286463,4.48600278740277,0.8966026900775295
both_obs,A_cold_start,144491,0.18044030424040253,0.4779521278810533,2.648810252748591,0.7742546951581617
both_obs,B_prev_success,356433,0.04970920200991491,0.21511907921242354,4.3275504436686845,0.8012558467717502
both_obs,C_prev_failure,66890,0.6923456420989684,0.8963891554421562,1.2947133641581015,0.7970980405738255
both_pre,ALL,567814,0.15868048339773236,0.7212409791313138,4.545240622462212,0.9018544337686014
both_pre,A_cold_start,144491,0.18044030424040253,0.4786365595143135,2.652603372230081,0.7748287655481819
both_pre,B_prev_success,356433,0.04970920200991491,0.2472819177239251,4.9745702551129805,0.8227184926153568
both_pre,C_prev_failure,66890,0.6923456420989684,0.904768010111005,1.306815490840732,0.8095497496847618
pre_only,ALL,567814,0.15868048339773236,0.513614222713039,3.236782569067841,0.8178816916718259
pre_only,A_cold_start,144491,0.18044030424040253,0.399705164364476,2.2151656529682224,0.7366603702253202
pre_only,B_prev_success,356433,0.04970920200991491,0.12992053080199,2.613611274147517,0.7514739666919441
pre_only,C_prev_failure,66890,0.6923456420989684,0.7847379168880116,1.1334481928837448,0.5992711321424964
straw,ALL,567814,0.15868048339773236,0.4861492174578125,3.0636988686206625,0.8136674067254984
straw,A_cold_start,144491,0.18044030424040253,0.18044030424040253,1.0,0.5
straw,B_prev_success,356433,0.04970920200991491,0.04970920200991491,1.0,0.5
straw,C_prev_failure,66890,0.6923456420989684,0.6923456420989684,1.0,0.5
straw_obs,ALL,567814,0.15868048339773236,0.43237366507548314,2.7248068307917825,0.7901007492917321
straw_obs,A_cold_start,144491,0.18044030424040253,0.18044030424040253,1.0,0.5
straw_obs,B_prev_success,356433,0.04970920200991491,0.050893965418849774,1.023833885096336,0.5108007810579535
straw_obs,C_prev_failure,66890,0.6923456420989684,0.6834715897151928,0.9871826269363488,0.47883543290203195
