condition,regime,n,base_rate,pr_auc,pr_auc_lift,roc_auc,mcc,precision,recall,f1,accuracy,brier,threshold
static,ALL,459049,0.15911373295661246,0.2954209318919936,1.8566652067207154,0.6820778071886759,0.19389183411820435,0.2528995790595604,0.5782505715967744,0.3518962874091848,0.6610906460966041,0.21003416776980469,0.5023395222734995
static,A_cold_start,117015,0.18057513993932403,0.32148449270490265,1.7803363896764874,0.6791506248821445,0.2005375080444716,0.27848185996697755,0.5906767628963558,0.37851034148116697,0.6497372131777978,0.213299383433334,0.5023395222734995
static,B_prev_success,287744,0.04959269350533808,0.11875101964901912,2.394526517020838,0.7000628156654616,0.13259796970012233,0.09162548708013149,0.5899088997897688,0.15861471208923728,0.689626890569395,0.19967054337923,0.5023395222734995
static,C_prev_failure,54290,0.6933321053601031,0.7245850674194425,1.0450764674212039,0.5266350762508825,0.025632065663969184,0.7038429820221013,0.5668552907733588,0.6279651539231267,0.5343157119174802,0.2579249676551178,0.5023395222734995
hist,ALL,459049,0.15911373295661246,0.6689785486925858,4.204404838361781,0.8628383254690923,0.5561420444586254,0.6897847451287108,0.5554277734423132,0.6153577793788632,0.8895172410788391,0.1346010767123463,0.718817410291235
hist,A_cold_start,117015,0.18057513993932403,0.35653759769064547,1.9744556078452853,0.6595735080680756,0.21875858270776408,0.5023361366973702,0.17808802650260294,0.26295377520002794,0.8197239670127762,0.24293335617378714,0.718817410291235
hist,B_prev_success,287744,0.04959269350533808,0.12478721144297389,2.516241861909396,0.696325998181287,0.023723017522238852,0.24154589371980675,0.00350385423966363,0.006907508461697865,0.9500354481761566,0.07293012890264677,0.718817410291235
hist,C_prev_failure,54290,0.6933321053601031,0.8839449159056738,1.2749228098222425,0.7764597182186626,0.2240005471557566,0.7190703497926285,0.9764884036024548,0.8282388994670843,0.7191932215877694,0.22796898102941543,0.718817410291235
both,ALL,459049,0.15911373295661246,0.7008724290637335,4.40485190084032,0.8889839030472098,0.5650485309387013,0.6358279640949391,0.6323024054982818,0.6340602840530764,0.8838707850360201,0.12270398777288671,0.6677641476717908
both,A_cold_start,117015,0.18057513993932403,0.4352813270786506,2.4105274248986417,0.744001106241181,0.2946558251823087,0.4451609347442681,0.3822527212494084,0.4113153740388043,0.8024184933555527,0.21338589062758426,0.6677641476717908
both,B_prev_success,287744,0.04959269350533808,0.19683605258643622,3.9690534769048007,0.782484384431437,0.15328375181020495,0.3703099510603589,0.0795374912403644,0.1309489472166138,0.9476444339412812,0.06755363731048773,0.6677641476717908
both,C_prev_failure,54290,0.6933321053601031,0.8944499058462334,1.2900742644560987,0.7932159886722294,0.23520581175072272,0.7189219670601046,0.9822268271299912,0.8301971527372345,0.7214219930005525,0.2195549655019362,0.6677641476717908
straw,ALL,459049,0.15911373295661246,0.48763718664914346,3.064708354131278,0.8143157452631369,0.5348820468861598,0.6933321053601031,0.5153406990594324,0.591230729358915,0.8866155900568349,0.10519316275340264,1.0
straw,A_cold_start,117015,0.18057513993932403,0.18057513993932403,1.0,0.5,0.0,0.0,0.0,0.0,0.8194248600606759,0.14844093636530983,1.0
straw,B_prev_success,287744,0.04959269350533808,0.04959269350533808,1.0,0.5,0.0,0.0,0.0,0.0,0.9504073064946619,0.04959269350533808,1.0
straw,C_prev_failure,54290,0.6933321053601031,0.6933321053601031,1.0,0.5,0.0,0.6933321053601031,1.0,0.8188967812816134,0.6933321053601031,0.30666789463989685,1.0
